"2369","35AAK89"
"3280","35AAZ12"
"3281","35AAZ13"
"3282","35AAZ16"
"3283","35AAZ19"
"3284","35AAZ22"
"3285","35AAZ26"
"3286","35AAZ28"
"3287","35AAZ29"
"3288","35AAZ30"
"4344","35ABT776"
"3289","35ACF05"
"3290","35ACF06"
"3291","35ACF07"
"3292","35ACF08"
"3293","35ACF09"
"3294","35ACF10"
"3295","35ACF11"
"3296","35ACF12"
"4345","35ACG334"
"4346","35ACG343"
"4347","35ACG362"
"4348","35ACG392"
"4349","35ACH888"
"4350","35ACH899"
"4351","35ACH928"
"4352","35ACH948"
"4270","35ADB818"
"4271","35ADD248"
"4272","35ADD258"
"4280","35ADD276"
"4281","35ADD281"
"4273","35ADD296"
"4279","35ADD298"
"4278","35ADD304"
"4277","35ADD310"
"4293","35ADD315"
"4287","35ADD316"
"4276","35ADD317"
"4275","35ADD322"
"4292","35ADD324"
"4294","35ADD327"
"4291","35ADD330"
"4274","35ADD331"
"4286","35ADD332"
"4290","35ADD334"
"4284","35ADD336"
"4289","35ADD338"
"4283","35ADD339"
"4285","35ADD341"
"4288","35ADD342"
"4282","35ADD345"
"4354","35ADE361"
"4355","35ADE382"
"4356","35ADE428"
"4357","35ADE475"
"4358","35ADE524"
"4353","35ADH256"
"3297","35AEA72"
"3298","35AEA73"
"3299","35AEA74"
"3300","35AEA75"
"3301","35AEA76"
"3302","35AEA77"
"2846","35AEA78"
"2847","35AEA79"
"737","35AFY34"
"736","35AFY37"
"738","35AFY38"
"294","35AFY39"
"293","35AFY40"
"292","35AFY41"
"291","35AFY42"
"1180","35AFY43"
"290","35AFY44"
"289","35AFY45"
"288","35AFY46"
"427","35AFY47"
"426","35AFY48"
"431","35AFY49"
"429","35AFY50"
"1183","35AFY51"
"430","35AFY52"
"428","35AFY53"
"425","35AFY54"
"476","35AFY55"
"474","35AFY57"
"473","35AFY58"
"477","35AFY59"
"1186","35AFY60"
"472","35AFY61"
"475","35AFY62"
"471","35AFY63"
"508","35AFZ16"
"510","35AFZ17"
"509","35AFZ18"
"511","35AFZ19"
"1185","35AFZ20"
"512","35AFZ21"
"513","35AFZ22"
"514","35AFZ23"
"573","35AFZ24"
"569","35AFZ25"
"570","35AFZ27"
"571","35AFZ28"
"1189","35AFZ29"
"572","35AFZ30"
"567","35AFZ31"
"2175","35AFZ32"
"568","35AFZ33"
"436","35AFZ36"
"435","35AFZ39"
"437","35AFZ40"
"433","35AFZ42"
"432","35AFZ43"
"434","35AFZ44"
"438","35AFZ45"
"439","35AFZ46"
"110","35AKA42"
"108","35AKA43"
"107","35AKA44"
"112","35AKA45"
"106","35AKA46"
"2129","35AKA47"
"131","35AKA48"
"132","35AKA49"
"133","35AKA50"
"129","35AKA51"
"128","35AKR78"
"130","35AKR79"
"127","35AKR80"
"153","35AKR81"
"150","35AKR82"
"148","35AKR83"
"2131","35AKR84"
"2132","35AKR85"
"149","35AKR86"
"152","35AKR87"
"2133","35AKR89"
"189","35AKR90"
"190","35AKR93"
"191","35AKR94"
"192","35AKR95"
"193","35ALS12"
"746","35ALS13"
"195","35ALS15"
"194","35ALS16"
"234","35ALS17"
"235","35ALS18"
"236","35ALS19"
"237","35ALS21"
"4372","35ALV741"
"4373","35ALV752"
"4374","35ALV767"
"4375","35ALV781"
"4376","35ALV787"
"4377","35ALV797"
"4378","35ALV803"
"4379","35ALV817"
"4380","35ALV822"
"4381","35ALV831"
"4382","35ALV853"
"4383","35ALV859"
"4384","35ALV870"
"4385","35ALV885"
"4386","35ALV891"
"4387","35ALV899"
"4388","35ANA570"
"4389","35AOC910"
"4390","35AOC930"
"4391","35AOC955"
"4392","35AOC971"
"4393","35AOD005"
"4394","35AOD031"
"4395","35AOD068"
"4396","35AOD083"
"4397","35AOD102"
"4398","35AOD127"
"4414","35AOR566"
"4399","35AOY502"
"4400","35AOY503"
"4401","35AOY505"
"4423","35AOY507"
"4419","35AOY508"
"4413","35AOY511"
"4407","35AOY512"
"4412","35AOY515"
"4422","35AOY516"
"4406","35AOY517"
"4411","35AOY518"
"4421","35AOY520"
"4405","35AOY521"
"4410","35AOY522"
"4409","35AOY523"
"4404","35AOY525"
"4420","35AOY526"
"4408","35AOY527"
"4403","35AOY528"
"4402","35AOY529"
"4418","35AOY552"
"4417","35AOY573"
"4416","35AOY586"
"4415","35AOY594"
"238","35APM77"
"239","35APM83"
"240","35APM86"
"295","35APM87"
"296","35APM88"
"747","35APM89"
"297","35APM90"
"298","35APM91"
"748","35APM92"
"299","35APM93"
"300","35APM94"
"301","35APM95"
"310","35APM96"
"311","35ASA69"
"312","35ASA70"
"313","35ASA71"
"314","35ASA72"
"315","35ASA73"
"316","35ASA74"
"324","35ASA75"
"325","35ASA76"
"326","35ASA77"
"327","35ASA78"
"328","35ASA79"
"329","35ASA80"
"330","35ASA81"
"339","35ASA82"
"2341","35AS022"
"2440","35AS102"
"2442","35AS121"
"2441","35AS121"
"4145","35AS7864"
"4146","35AS7865"
"4147","35AS7939"
"4148","35AS7948"
"4149","35AS7965"
"4150","35AS7981"
"4151","35AS7984"
"4152","35AS8013"
"4132","35AS8036"
"4138","35AS8062"
"4139","35AS8068"
"4153","35AS8069"
"4135","35AS8072"
"4154","35AS8100"
"4155","35AS8106"
"4133","35AS8123"
"4141","35AS8128"
"4129","35AS8137"
"4130","35AS8139"
"4136","35AS8162"
"4142","35AS8166"
"4134","35AS8173"
"4156","35AS8182"
"4137","35AS8190"
"4140","35AS8193"
"4143","35AS8205"
"4131","35AS8221"
"4157","35AS8296"
"4159","35AS8307"
"4158","35AS8398"
"2848","35ATB63"
"2849","35ATB64"
"2850","35ATB65"
"2851","35ATB67"
"2852","35ATB68"
"2853","35ATB69"
"2854","35ATB70"
"2855","35ATB71"
"2856","35ATB72"
"2857","35ATB73"
"340","35ATY41"
"341","35ATY42"
"342","35ATY43"
"343","35ATY44"
"345","35ATY45"
"2858","35BDD81"
"2420","35BEJ58"
"2421","35BEJ60"
"2422","35BEJ62"
"2561","35BEJ63"
"2424","35BEJ66"
"2425","35BEJ69"
"2426","35BEJ73"
"2427","35BEJ75"
"2428","35BEJ81"
"2429","35BEJ82"
"2340","35BFY04"
"2451","35BKJ29"
"2452","35BKJ30"
"2453","35BKJ31"
"2469","35BKJ33"
"2470","35BKJ38"
"2448","35BKJ39"
"2599","35BKJ45"
"2560","35BKJ46"
"2449","35BKJ52"
"2450","35BKJ59"
"2342","35BMK54"
"2980","35BMN72"
"2981","35BMN73"
"3000","35BMN74"
"3001","35BRV44"
"3002","35BRV45"
"3003","35BRV46"
"3004","35BRV47"
"3005","35BRV48"
"2982","35BRV49"
"2983","35BRV50"
"2984","35BRV51"
"2343","35BSC07"
"2985","35BTH02"
"2986","35BTH03"
"2987","35BTH04"
"2988","35BTH05"
"2989","35BTH06"
"2335","35BUM14"
"2576","35BVK79"
"2567","35BVM18"
"2568","35BVM19"
"2569","35BVM20"
"2570","35BVM21"
"2571","35BVM23"
"2572","35BVM25"
"2573","35BVM27"
"2574","35BVM28"
"2575","35BVM30"
"2353","35BVN02"
"3006","35BYL14"
"2990","35BYL15"
"3007","35BYL16"
"3008","35BYL17"
"3009","35BYL18"
"2991","35BYL19"
"3010","35BYL20"
"3011","35BYL21"
"2992","35BYL22"
"3012","35BYL23"
"2993","35BYL24"
"3088","35BYL25"
"3089","35BYL26"
"3090","35BYL27"
"3091","35BYL28"
"2994","35BYL29"
"3092","35BYL30"
"2995","35BYL31"
"2356","35CBD66"
"2545","35CBO66"
"2285","35CKR17"
"2348","35CLT73"
"2397","35CLZ06"
"2398","35CLZ07"
"2399","35CLZ12"
"2400","35CLZ15"
"2401","35CLZ17"
"2402","35CLZ19"
"2403","35CLZ20"
"2404","35CLZ21"
"2405","35CLZ25"
"2406","35CLZ29"
"2159","35CNF02"
"2160","35CNF44"
"2161","35CNF62"
"2177","35CNF63"
"2178","35CNF66"
"2179","35CNF70"
"2180","35CNF71"
"2194","35CNF73"
"2195","35CNF76"
"2196","35CNF79"
"2197","35CNF81"
"2198","35CNF83"
"2214","35CNF86"
"2215","35CNF90"
"2996","35CPJ91"
"2997","35CPJ92"
"2998","35CPJ93"
"2999","35CPJ94"
"50","35CSA78"
"51","35CSA79"
"52","35CSA80"
"53","35CSA81"
"54","35CSA82"
"15","35CSA83"
"55","35CSA84"
"71","35CSA85"
"72","35CSA86"
"73","35CSA87"
"74","35CSA88"
"16","35CSA89"
"21","35CSA90"
"17","35CSA91"
"18","35CSA92"
"1","35CSA93"
"2","35CSR39"
"3","35CSR40"
"4","35CSR41"
"5","35CSR42"
"6","35CSR43"
"19","35CSR44"
"7","35CSR45"
"75","35CSR46"
"76","35CSR47"
"77","35CSR49"
"92","35CSR50"
"93","35CSR51"
"20","35CSR52"
"22","35CSR53"
"23","35CSR54"
"94","35CSR55"
"95","35CSR56"
"96","35CSR57"
"97","35CSR58"
"98","35CSR59"
"24","35CSR60"
"28","35CSR62"
"25","35CSR63"
"8","35CSR68"
"9","35CSR69"
"10","35CSR70"
"11","35CTP01"
"12","35CTP37"
"26","35CTP38"
"13","35CTP39"
"14","35CTP40"
"529","35CTP41"
"530","35CTP42"
"531","35CTP43"
"532","35CTP44"
"27","35CTP45"
"56","35CTP46"
"113","35CTP47"
"114","35CTP48"
"2577","35CTP49"
"116","35CTP50"
"117","35CTP51"
"119","35CTP56"
"134","35CTP57"
"135","35CTP58"
"136","35CTP59"
"137","35CTP60"
"138","35CTP61"
"139","35CTP62"
"140","35CTP63"
"154","35CTP64"
"155","35CTP65"
"156","35CTP66"
"157","35CTP67"
"158","35CTP68"
"159","35CTP69"
"160","35CTP70"
"175","35CTP72"
"176","35CTP73"
"177","35CTP74"
"118","35CTP75"
"181","35CTP76"
"178","35CTP77"
"179","35CTP78"
"180","35CTP79"
"3035","35CUN67"
"3036","35CUN68"
"3037","35CUN69"
"3038","35CUN70"
"3041","35CUN71"
"3042","35CUN72"
"3043","35CUN73"
"3044","35CUN74"
"3045","35CUN75"
"3128","35CUN76"
"3129","35CUN77"
"3130","35CUN78"
"3131","35CUN79"
"3132","35CUN80"
"3133","35CUN81"
"3134","35CUN82"
"3135","35CUN83"
"3136","35CUN84"
"3137","35CUN85"
"3138","35CUN86"
"3139","35CUN87"
"3140","35CUN88"
"3141","35CUN89"
"3142","35CUN90"
"3143","35CUN91"
"3144","35CUN92"
"3145","35CUN93"
"3146","35CUN94"
"3147","35CUN95"
"3148","35CUN96"
"3149","35CUN97"
"3150","35CUN98"
"3151","35CUN99"
"3152","35CUP01"
"3153","35CUP02"
"3154","35CUP03"
"3155","35CUP04"
"3156","35CUP05"
"3157","35CUP06"
"3158","35CUP07"
"3159","35CUP08"
"3160","35CUP09"
"3161","35CUP10"
"3162","35CUP11"
"3163","35CUP12"
"3164","35CUP13"
"3165","35CUP14"
"3166","35CVP43"
"3167","35CVP44"
"3168","35CVP45"
"3169","35CVP46"
"3170","35CVP47"
"3171","35CVP48"
"3172","35CVP49"
"3173","35CVP50"
"3174","35CVP51"
"3175","35CVP52"
"3176","35CVP53"
"3177","35CVP54"
"3178","35CVP55"
"3179","35CVP56"
"3180","35CVP57"
"2690","35CYD67"
"2689","35CYE33"
"2687","35CYH02"
"2688","35CYH40"
"2696","35CYJ98"
"3181","35CYL70"
"3182","35CYL71"
"3183","35CYL72"
"3184","35CYL73"
"3185","35CYL74"
"3186","35CYL75"
"3187","35CYL76"
"3188","35CYL77"
"3189","35CYL78"
"3190","35CYL79"
"3191","35CYL80"
"3192","35CYL81"
"3193","35CYL82"
"3194","35CYL83"
"3195","35CYL84"
"3234","35CYL85"
"3235","35CYL86"
"3236","35CYL87"
"3237","35CYL88"
"2695","35CYM21"
"2697","35CYM68"
"3238","35CYN38"
"2698","35CYP98"
"2707","35CYT30"
"2701","35CYT38"
"2700","35CYV19"
"2699","35CYZ10"
"2693","35CYZ31"
"2691","35CYZ81"
"2692","35CZB59"
"2694","35CZC99"
"2685","35CZK26"
"2686","35CZK27"
"2683","35CZS72"
"2684","35CZU34"
"3239","35CZV85"
"3240","35CZV86"
"3241","35CZV87"
"3242","35CZV88"
"3243","35CZV89"
"3244","35CZV90"
"3245","35CZV91"
"3246","35CZV92"
"3247","35CZV93"
"3248","35CZV94"
"3249","35CZV95"
"3250","35CZV96"
"3251","35CZV97"
"3252","35CZV98"
"3253","35CZV99"
"2941","35CZY01"
"2942","35CZY02"
"2943","35CZY03"
"2944","35CZY04"
"2945","35CZY05"
"2946","35CZY06"
"2947","35CZY07"
"2948","35CZY08"
"2949","35CZY09"
"2950","35CZY10"
"2951","35CZY11"
"2952","35CZY12"
"2953","35CZY13"
"2954","35CZY14"
"2955","35CZY15"
"3315","35DAF03"
"3442","35DA0326"
"3443","35DA0343"
"3444","35DA0344"
"3445","35DA0350"
"3446","35DA0367"
"3437","35DA0369"
"3438","35DA0373"
"3439","35DA0392"
"3441","35DA0401"
"3440","35DA0403"
"3452","35DA2773"
"3453","35DA2776"
"3454","35DA2780"
"3455","35DA2806"
"3456","35DA2809"
"3447","35DA2811"
"3448","35DA2815"
"3449","35DA2821"
"3450","35DA2830"
"3451","35DA2833"
"3953","35DA3677"
"3954","35DA3683"
"3955","35DA3689"
"3956","35DA3696"
"3957","35DA3698"
"3958","35DA3700"
"3959","35DA3702"
"3960","35DA3703"
"3961","35DA3704"
"3962","35DA3714"
"3963","35DA3740"
"3964","35DA3932"
"3965","35DA3937"
"3966","35DA3945"
"3967","35DA3959"
"3968","35DA3965"
"3969","35DA3972"
"3970","35DA3977"
"3971","35DA4028"
"3972","35DA4030"
"3973","35DA4032"
"3974","35DA4056"
"3975","35DA4059"
"3976","35DA4065"
"3977","35DA4140"
"3978","35DA4155"
"3979","35DA4162"
"3980","35DA4174"
"3981","35DA4176"
"3982","35DA4179"
"3983","35DA4182"
"3984","35DA4183"
"3985","35DA4184"
"3986","35DA5348"
"3987","35DA5349"
"3988","35DA5357"
"3989","35DA5358"
"3990","35DA5360"
"3991","35DA5361"
"3992","35DA5363"
"3993","35DA5374"
"3994","35DA5403"
"3995","35DA5405"
"3996","35DA5409"
"3997","35DA5411"
"3998","35DA5430"
"3999","35DA5434"
"4000","35DA5728"
"4001","35DA5759"
"4002","35DA5765"
"4003","35DA5776"
"4004","35DA5782"
"4005","35DA5786"
"4006","35DA5787"
"4007","35DA5792"
"4008","35DA5828"
"4009","35DA5829"
"4010","35DA6122"
"4011","35DA6128"
"4012","35DA6140"
"4013","35DA6147"
"4014","35DA6148"
"4015","35DA6149"
"4016","35DA6158"
"4017","35DA6159"
"4018","35DA6171"
"3457","35DA7277"
"3458","35DA7278"
"3459","35DA7279"
"3460","35DA7280"
"3461","35DA7281"
"3462","35DA7282"
"3463","35DA7283"
"3464","35DA7284"
"3465","35DA7285"
"3466","35DA7286"
"3467","35DA7287"
"3468","35DA7288"
"3469","35DA7289"
"3470","35DA7290"
"3471","35DA7291"
"3472","35DA7454"
"3473","35DA7455"
"3474","35DA7456"
"3475","35DA7457"
"3477","35DA7458"
"3478","35DA7459"
"3479","35DA7460"
"3476","35DA7461"
"3480","35DA7462"
"3481","35DA7463"
"4019","35DA7538"
"3482","35DA7548"
"3483","35DA7549"
"3484","35DA7550"
"3485","35DA7551"
"3486","35DA7552"
"4020","35DA7557"
"4021","35DA7580"
"4022","35DA7587"
"4023","35DA7588"
"4024","35DA7589"
"4025","35DA7592"
"4026","35DA7596"
"4027","35DA7598"
"4028","35DA7603"
"4029","35DA7724"
"4030","35DA7745"
"4031","35DA7748"
"4032","35DA7779"
"4033","35DA7780"
"4034","35DA7787"
"4035","35DA7788"
"4036","35DA7790"
"4037","35DA7795"
"4039","35DA7802"
"4040","35DA7806"
"4041","35DA7820"
"4042","35DA7825"
"4043","35DA7831"
"4044","35DA7832"
"4045","35DA7840"
"4046","35DA7845"
"4047","35DA7846"
"4048","35DA7852"
"4049","35DA7864"
"4050","35DA7865"
"4051","35DA7867"
"4052","35DA7902"
"3487","35DA7993"
"3488","35DA7994"
"3491","35DA7995"
"3489","35DA7996"
"3490","35DA7997"
"3501","35DA8068"
"3502","35DA8069"
"3503","35DA8070"
"3504","35DA8071"
"3505","35DA8072"
"3506","35DA8073"
"3495","35DA8074"
"3496","35DA8075"
"3497","35DA8076"
"3498","35DA8077"
"3499","35DA8078"
"3500","35DA8079"
"3492","35DA8080"
"3493","35DA8081"
"3494","35DA8082"
"4038","35DA8088"
"2344","35DBL79"
"2345","35DBL83"
"2334","35DBS92"
"2439","35DBS98"
"3508","35DB0154"
"3509","35DB0155"
"3510","35DB0156"
"3511","35DB0157"
"3512","35DB0158"
"3513","35DB0159"
"3514","35DB0160"
"3515","35DB0161"
"3516","35DB0162"
"3517","35DB0163"
"3518","35DB0164"
"3519","35DB0165"
"3520","35DB0166"
"3521","35DB0167"
"3522","35DB0168"
"3523","35DB0169"
"3524","35DB0170"
"3525","35DB0171"
"3526","35DB0172"
"3527","35DB0173"
"3528","35DB0174"
"3529","35DB0175"
"3530","35DB0176"
"3531","35DB0177"
"3532","35DB0178"
"3533","35DB0705"
"3534","35DB0706"
"3535","35DB0707"
"3536","35DB0708"
"3537","35DB0709"
"3538","35DB0710"
"3539","35DB0711"
"3540","35DB0712"
"3541","35DB0713"
"3542","35DB0714"
"3543","35DB0715"
"3544","35DB0716"
"3545","35DB0717"
"3546","35DB0718"
"3547","35DB0719"
"3548","35DB0720"
"3549","35DB0721"
"3550","35DB0722"
"3551","35DB0723"
"3552","35DB0724"
"3553","35DB0725"
"3554","35DB0726"
"3555","35DB0727"
"3556","35DB0728"
"3557","35DB0729"
"3571","35DB1085"
"3572","35DB1086"
"3573","35DB1087"
"3574","35DB1088"
"3575","35DB1089"
"3576","35DB1090"
"3577","35DB1091"
"3578","35DB1092"
"3579","35DB1093"
"3580","35DB1094"
"3581","35DB1095"
"3582","35DB1096"
"3558","35DB1097"
"3559","35DB1098"
"3560","35DB1099"
"3561","35DB1100"
"3562","35DB1101"
"3563","35DB1102"
"3564","35DB1103"
"3565","35DB1104"
"3566","35DB1105"
"3567","35DB1106"
"3568","35DB1107"
"3569","35DB1108"
"3570","35DB1109"
"3607","35DB1382"
"3583","35DB1383"
"3584","35DB1384"
"3585","35DB1385"
"3586","35DB1386"
"3587","35DB1387"
"3588","35DB1388"
"3589","35DB1389"
"3590","35DB1390"
"3591","35DB1391"
"3592","35DB1392"
"3593","35DB1393"
"3594","35DB1394"
"3595","35DB1395"
"3596","35DB1396"
"3597","35DB1397"
"3598","35DB1398"
"3599","35DB1399"
"3600","35DB1400"
"3601","35DB1401"
"3602","35DB1402"
"3603","35DB1403"
"3604","35DB1404"
"3605","35DB1405"
"3606","35DB1406"
"4160","35DB2687"
"4180","35DB2688"
"4161","35DB2689"
"4181","35DB2704"
"4182","35DB2708"
"4183","35DB2723"
"4186","35DB2761"
"4187","35DB2770"
"4184","35DB2795"
"4163","35DB2800"
"4185","35DB2801"
"4162","35DB2802"
"4188","35DB2805"
"4190","35DB2806"
"3608","35DB2830"
"3609","35DB2831"
"3610","35DB2832"
"3611","35DB2833"
"3612","35DB2834"
"3613","35DB2835"
"3614","35DB2836"
"3615","35DB2837"
"3616","35DB2838"
"3617","35DB2839"
"3618","35DB2840"
"3619","35DB2841"
"3620","35DB2842"
"3621","35DB2843"
"3622","35DB2844"
"3623","35DB2845"
"3624","35DB2846"
"3625","35DB2847"
"3626","35DB2848"
"3627","35DB2849"
"3628","35DB2850"
"3629","35DB2851"
"3635","35DB2852"
"3636","35DB2853"
"3680","35DB2854"
"3681","35DB2855"
"3630","35DB2856"
"3631","35DB2857"
"3632","35DB2858"
"3682","35DB2859"
"4164","35DB3199"
"4165","35DB3203"
"4166","35DB3214"
"4168","35DB3243"
"4169","35DB3246"
"4170","35DB3248"
"4171","35DB3251"
"4172","35DB3268"
"4173","35DB3280"
"4174","35DB3296"
"4175","35DB3297"
"4176","35DB3298"
"4177","35DB3304"
"4178","35DB3309"
"4179","35DB3310"
"4167","35DB3348"
"3637","35DB3457"
"3638","35DB3458"
"3639","35DB3459"
"3640","35DB3460"
"3641","35DB3461"
"3642","35DB3462"
"3643","35DB3463"
"3644","35DB3464"
"3645","35DB3465"
"3646","35DB3466"
"3647","35DB3467"
"3648","35DB3468"
"3649","35DB3469"
"3650","35DB3470"
"3651","35DB3471"
"3652","35DB3472"
"3653","35DB3473"
"3654","35DB3474"
"3655","35DB3475"
"3656","35DB3476"
"3657","35DB3477"
"3658","35DB3478"
"3659","35DB3479"
"3660","35DB3480"
"3661","35DB3481"
"3633","35DB3482"
"3662","35DB3483"
"3634","35DB3484"
"3663","35DB3485"
"3664","35DB3486"
"3665","35DB3487"
"3666","35DB3488"
"3667","35DB3489"
"3668","35DB3490"
"3669","35DB3491"
"3670","35DB3492"
"3671","35DB3493"
"3672","35DB3494"
"3673","35DB3495"
"3674","35DB3496"
"3675","35DB3497"
"3676","35DB3498"
"3677","35DB3499"
"3678","35DB3500"
"3679","35DB3501"
"3683","35DB3960"
"3684","35DB3961"
"3685","35DB3962"
"3686","35DB3963"
"3687","35DB3964"
"3688","35DB3965"
"3689","35DB3966"
"3690","35DB3967"
"3691","35DB3968"
"3692","35DB3969"
"3693","35DB3970"
"3694","35DB3971"
"3695","35DB3972"
"3696","35DB3973"
"3697","35DB3974"
"3698","35DB3975"
"3699","35DB3976"
"3700","35DB3977"
"3701","35DB3978"
"3702","35DB3979"
"3703","35DB3980"
"3704","35DB3981"
"3705","35DB3982"
"3706","35DB3983"
"3707","35DB3984"
"3708","35DB3985"
"3709","35DB4190"
"3710","35DB4191"
"3711","35DB4192"
"3712","35DB4193"
"3713","35DB4194"
"3714","35DB4195"
"3715","35DB4196"
"3716","35DB4197"
"3717","35DB4198"
"3718","35DB4199"
"3719","35DB4200"
"3720","35DB4201"
"3721","35DB4202"
"3723","35DB4203"
"3724","35DB4204"
"3722","35DB4205"
"3725","35DB4206"
"3726","35DB4207"
"3727","35DB4208"
"3728","35DB4209"
"3729","35DB4210"
"3730","35DB4211"
"3731","35DB4212"
"3732","35DB4213"
"3733","35DB4214"
"3734","35DB4215"
"3735","35DB4216"
"3736","35DB4217"
"3737","35DB4218"
"3738","35DB4600"
"3739","35DB4601"
"3740","35DB4602"
"3741","35DB4603"
"3742","35DB4604"
"3743","35DB4605"
"3744","35DB4606"
"3745","35DB4607"
"3746","35DB4608"
"3747","35DB4609"
"3748","35DB4610"
"3749","35DB4611"
"3750","35DB4612"
"3751","35DB4613"
"3752","35DB4614"
"3753","35DB4615"
"3754","35DB4616"
"3755","35DB4617"
"3756","35DB4618"
"3757","35DB4619"
"3758","35DB4620"
"3759","35DB4621"
"3760","35DB4622"
"3761","35DB4623"
"3762","35DB4624"
"3763","35DB4625"
"3764","35DB4626"
"3765","35DB4627"
"3766","35DB4628"
"3767","35DB4629"
"3768","35DB4784"
"3769","35DB4785"
"3770","35DB4786"
"3771","35DB4787"
"3772","35DB4788"
"3773","35DB4789"
"3774","35DB4790"
"3775","35DB4791"
"3776","35DB4792"
"3777","35DB4793"
"3778","35DB4794"
"3779","35DB4795"
"3780","35DB4796"
"3781","35DB4797"
"3782","35DB4798"
"3783","35DB4799"
"3784","35DB4800"
"3785","35DB4801"
"3786","35DB4802"
"3787","35DB4803"
"3788","35DB4804"
"3789","35DB4805"
"3790","35DB4806"
"3791","35DB4807"
"3792","35DB4808"
"3793","35DB4809"
"3794","35DB4810"
"3795","35DB4811"
"3796","35DB4812"
"3797","35DB4813"
"3801","35DB5245"
"3802","35DB5246"
"3803","35DB5247"
"3804","35DB5248"
"3805","35DB5249"
"3806","35DB5250"
"3807","35DB5251"
"3808","35DB5252"
"3809","35DB5253"
"3810","35DB5254"
"3811","35DB5255"
"3812","35DB5256"
"3813","35DB5257"
"3814","35DB5258"
"3815","35DB5259"
"3816","35DB5260"
"3817","35DB5261"
"3818","35DB5262"
"3819","35DB5263"
"3820","35DB5264"
"3821","35DB5265"
"3822","35DB5266"
"3823","35DB5267"
"3824","35DB5268"
"3825","35DB5269"
"3826","35DB5270"
"3827","35DB5271"
"3828","35DB5272"
"3829","35DB5273"
"3830","35DB5274"
"3831","35DB5275"
"3832","35DB5276"
"3833","35DB5277"
"3834","35DB5278"
"3835","35DB5279"
"3836","35DB5363"
"3837","35DB5364"
"3838","35DB5365"
"3839","35DB5366"
"3840","35DB5367"
"3841","35DB5368"
"3842","35DB5369"
"3843","35DB5370"
"3844","35DB5371"
"3845","35DB5372"
"3846","35DB5373"
"3847","35DB5374"
"3848","35DB5375"
"3849","35DB5376"
"3850","35DB5377"
"3851","35DB5378"
"3852","35DB5379"
"3853","35DB5380"
"3854","35DB5381"
"3855","35DB5382"
"3856","35DB5383"
"3857","35DB5384"
"3858","35DB5385"
"3859","35DB5386"
"3860","35DB5387"
"3871","35DB5956"
"3872","35DB5957"
"3873","35DB5958"
"3874","35DB5959"
"3875","35DB5960"
"3876","35DB5961"
"3877","35DB5962"
"3878","35DB5963"
"3879","35DB5964"
"3880","35DB5965"
"3881","35DB5966"
"3882","35DB5967"
"3883","35DB5968"
"3884","35DB5969"
"3885","35DB5970"
"3886","35DB5971"
"3887","35DB5972"
"3888","35DB5973"
"3889","35DB5974"
"3890","35DB5975"
"3891","35DB5976"
"3892","35DB5977"
"3893","35DB5978"
"3894","35DB5979"
"3895","35DB5980"
"3861","35DB5981"
"3862","35DB5982"
"3863","35DB5983"
"3864","35DB5984"
"3865","35DB5985"
"3866","35DB5986"
"3867","35DB5987"
"3868","35DB5988"
"3869","35DB5989"
"3870","35DB5990"
"4191","35DB6144"
"4192","35DB6179"
"4193","35DB6181"
"4194","35DB6201"
"4195","35DB6205"
"3896","35DB6212"
"3897","35DB6213"
"3898","35DB6214"
"3899","35DB6215"
"3900","35DB6216"
"3901","35DB6217"
"3902","35DB6218"
"3903","35DB6219"
"3904","35DB6220"
"3905","35DB6221"
"3906","35DB6222"
"3907","35DB6223"
"3908","35DB6224"
"3909","35DB6225"
"3910","35DB6226"
"3911","35DB6227"
"3912","35DB6228"
"3913","35DB6229"
"3914","35DB6230"
"3915","35DB6231"
"4196","35DB6249"
"4197","35DB6290"
"4198","35DB6310"
"4199","35DB6311"
"4200","35DB6313"
"3916","35DB6457"
"3917","35DB6458"
"3918","35DB6459"
"3919","35DB6460"
"3920","35DB6461"
"3921","35DB6462"
"3922","35DB6463"
"3923","35DB6464"
"3924","35DB6465"
"3925","35DB6466"
"3926","35DB6467"
"3927","35DB6468"
"3928","35DB6469"
"3929","35DB6470"
"3930","35DB6471"
"3931","35DB6472"
"3932","35DB6473"
"3933","35DB6474"
"3934","35DB6475"
"3935","35DB6476"
"3936","35DB6477"
"3937","35DB6478"
"3938","35DB6479"
"3939","35DB6480"
"3940","35DB6481"
"4211","35DB6917"
"4212","35DB6954"
"4213","35DB6974"
"4214","35DB7232"
"4215","35DB7581"
"4216","35DB7584"
"4205","35DB7736"
"4201","35DB7741"
"4202","35DB7762"
"4203","35DB7764"
"4204","35DB7768"
"4206","35DB7927"
"4207","35DB7931"
"4208","35DB7934"
"4209","35DB7940"
"4210","35DB7941"
"4217","35DB8209"
"4218","35DB8248"
"4219","35DB8257"
"4220","35DB8278"
"4221","35DB8280"
"4222","35DB8291"
"4223","35DB8609"
"4224","35DB8620"
"4225","35DB8623"
"4226","35DB8626"
"4227","35DB8636"
"4228","35DB8639"
"4229","35DB8648"
"4230","35DB8655"
"2338","35DCJ64"
"2351","35DCR83"
"4076","35DC4685"
"4077","35DC4686"
"4078","35DC4687"
"4079","35DC4688"
"4080","35DC4689"
"4081","35DC4690"
"4082","35DC4691"
"4083","35DC4692"
"4084","35DC4693"
"4085","35DC4694"
"4088","35DC5047"
"4089","35DC5048"
"4090","35DC5049"
"4091","35DC5050"
"4092","35DC5051"
"4093","35DC5052"
"4094","35DC5053"
"4095","35DC5054"
"4102","35DC7569"
"4103","35DC7570"
"4104","35DC7571"
"4105","35DC7572"
"4106","35DC7573"
"4107","35DC7574"
"4108","35DC7576"
"4109","35DC7577"
"4110","35DC7578"
"4111","35DC7579"
"4112","35DC7580"
"4113","35DC7581"
"4114","35DC7582"
"4115","35DC7583"
"4116","35DC7584"
"1954","35DC9801"
"2339","35DDH49"
"2337","35DDH53"
"2355","35DDH57"
"4232","35DD1601"
"4233","35DD1602"
"4234","35DD1603"
"4235","35DD1604"
"4236","35DD1605"
"4237","35DD1606"
"4238","35DD1607"
"4239","35DD1608"
"4240","35DD1609"
"4241","35DD1610"
"4242","35DD1611"
"4243","35DD1612"
"4244","35DD1613"
"4245","35DD1614"
"4246","35DD1615"
"4247","35DD1616"
"4248","35DD1617"
"4249","35DD1618"
"4250","35DD1619"
"4251","35DD1620"
"3046","35DHB75"
"3047","35DHB76"
"3048","35DHB82"
"3049","35DHB83"
"3120","35DHT01"
"3121","35DHT02"
"3122","35DHT03"
"3123","35DHT04"
"3124","35DHT05"
"3125","35DHT06"
"3126","35DHT07"
"3127","35DHT08"
"3304","35DHT09"
"3305","35DHT10"
"3306","35DHT11"
"3307","35DHT12"
"3308","35DHT13"
"3309","35DHT14"
"3310","35DHT15"
"3311","35DHT16"
"3254","35DHT17"
"3255","35DHT18"
"3256","35DHT19"
"3257","35DHT20"
"3258","35DHT21"
"3259","35DHT22"
"3260","35DHT23"
"3261","35DHT24"
"3262","35DHT25"
"3263","35DHT26"
"3039","35DHU12"
"3264","35DHU54"
"3265","35DHU55"
"3266","35DHU56"
"3267","35DHU57"
"3268","35DHU58"
"3196","35DHU59"
"3197","35DHU60"
"3198","35DHU61"
"3199","35DHU62"
"3200","35DHU63"
"3201","35DHU64"
"3202","35DHU65"
"3203","35DHU66"
"3204","35DHU67"
"3205","35DHU68"
"3209","35DHU69"
"3210","35DHU70"
"3211","35DHU71"
"3212","35DHU72"
"3213","35DHU73"
"3214","35DHU74"
"3215","35DHU75"
"3216","35DJB62"
"3217","35DJB63"
"3034","35DKP65"
"2288","35DK378"
"3093","35DLU55"
"3094","35DLU56"
"3095","35DLU57"
"3096","35DLU58"
"3097","35DLU59"
"3098","35DLU60"
"3099","35DLU61"
"3100","35DLU62"
"3101","35DLU63"
"3102","35DLU64"
"3103","35DLU65"
"3104","35DLU66"
"3105","35DLU67"
"3106","35DLU68"
"3107","35DLU69"
"3108","35DLU70"
"3109","35DLU71"
"3110","35DLU72"
"3111","35DLU73"
"3112","35DLU74"
"3113","35DLU75"
"3114","35DLU76"
"3115","35DLU77"
"3116","35DLU78"
"3117","35DLU79"
"3118","35DMA02"
"3119","35DMA03"
"2302","35DMD98"
"3404","35DML16"
"3405","35DML21"
"3406","35DML29"
"3401","35DML43"
"3402","35DML49"
"3403","35DML50"
"2979","35DPJ06"
"3316","35DPK65"
"2912","35DPP44"
"2913","35DPP45"
"2914","35DPP46"
"2915","35DPP47"
"2916","35DPP48"
"2870","35DPP49"
"2871","35DPP50"
"2872","35DPP51"
"2873","35DPP52"
"2874","35DPP53"
"2875","35DPP54"
"2876","35DPP55"
"2877","35DPP56"
"2878","35DPP57"
"2879","35DPP58"
"2880","35DPP59"
"2881","35DPP60"
"2882","35DPP61"
"2883","35DPP62"
"2884","35DPP63"
"2885","35DPP64"
"2886","35DPP65"
"2887","35DPP66"
"2888","35DPP67"
"2889","35DPP68"
"2890","35DPP69"
"2891","35DPP70"
"2892","35DPP71"
"3013","35DPP72"
"3014","35DPP73"
"3015","35DPP74"
"3016","35DPP75"
"3017","35DPP76"
"3018","35DPP77"
"3019","35DPP78"
"3020","35DPY78"
"3021","35DPY79"
"3022","35DPY80"
"3023","35DPY81"
"3218","35DRB02"
"3219","35DRB03"
"3220","35DRB04"
"3221","35DRB09"
"3222","35DRB12"
"3223","35DRB17"
"3224","35DRB30"
"3225","35DRB42"
"3226","35DRB46"
"3227","35DRB52"
"3228","35DRB58"
"3229","35DRB59"
"3230","35DRB60"
"3231","35DRB64"
"3232","35DRB68"
"3233","35DRB70"
"3269","35DRB71"
"3270","35DRB72"
"3271","35DRB73"
"3272","35DRB76"
"3040","35DRB79"
"3273","35DRB81"
"3274","35DRB86"
"3275","35DRB89"
"3276","35DRB90"
"3277","35DRB91"
"3313","35DRP64"
"3050","35DRP76"
"3051","35DRP77"
"3052","35DRP79"
"3053","35DRP80"
"3054","35DRP81"
"3024","35DSD87"
"3055","35DTF01"
"3312","35DTF02"
"3314","35DTF04"
"3056","35DTF05"
"3057","35DTF07"
"3058","35DTF12"
"3059","35DTF14"
"3060","35DTF18"
"3061","35DTF23"
"3062","35DTF28"
"3063","35DTF42"
"3064","35DTF45"
"3065","35DTF46"
"3066","35DTF57"
"3067","35DTF58"
"3068","35DTF62"
"3069","35DTF64"
"3070","35DTF69"
"3071","35DTF70"
"3072","35DTF71"
"3073","35DTF72"
"3074","35DTF78"
"3075","35DTF81"
"3076","35DTF82"
"3077","35DTF83"
"3078","35DTF86"
"3079","35DTF87"
"3080","35DTF92"
"3081","35DTF93"
"3082","35DTF94"
"3083","35DTF96"
"3084","35DTF98"
"3085","35DTF99"
"2956","35ECF69"
"2957","35ECF70"
"2958","35ECF71"
"2959","35ECF72"
"2960","35ECF73"
"2961","35ECF74"
"2962","35ECF75"
"2963","35ECF76"
"2964","35ECF77"
"2965","35ECF78"
"2966","35ECF79"
"2967","35ECF80"
"2968","35ECF81"
"2969","35ECF83"
"2970","35ECF84"
"2971","35ECF85"
"2972","35ECF86"
"2973","35ECF87"
"2974","35ECF88"
"2975","35ECF89"
"2976","35ECF90"
"2977","35ECF91"
"2978","35ECF92"
"2372","35EC612"
"2859","35EDM91"
"2860","35EDM92"
"2861","35EDM93"
"2862","35EDM94"
"2863","35EDM95"
"2864","35EDM96"
"2865","35EDM97"
"2866","35EDM98"
"2867","35EDM99"
"2868","35EDN01"
"2869","35EDN02"
"2893","35EDN03"
"2894","35EDN04"
"2895","35EDN05"
"2896","35EDN06"
"2897","35EDN07"
"2898","35EDN08"
"2899","35EDN09"
"2900","35EDN10"
"2901","35EDN11"
"2902","35EDN12"
"2903","35EDN13"
"2904","35EDN14"
"2905","35EDN15"
"2906","35EDN16"
"2907","35EDN17"
"2908","35EDN18"
"2909","35EDN19"
"2910","35EDN20"
"2911","35EDN21"
"3025","35EDT35"
"3026","35EDT60"
"3027","35EDT61"
"3028","35EDT62"
"3029","35EDT63"
"3030","35EDT64"
"3031","35EDT65"
"3032","35EDT66"
"3303","35EDT67"
"3033","35EDT68"
"2608","35ED652"
"2607","35ED655"
"2609","35ED656"
"2611","35ED658"
"2612","35ED659"
"2610","35ED660"
"2601","35ED661"
"2602","35ED662"
"2603","35ED665"
"2604","35ED669"
"2605","35ED670"
"2606","35ED673"
"2622","35ED674"
"2613","35ED682"
"2614","35ED683"
"2615","35ED684"
"2616","35ED685"
"2617","35ED686"
"2618","35ED687"
"2619","35ED690"
"2676","35EE448"
"2669","35EE452"
"2674","35EE458"
"2670","35EE460"
"2671","35EE465"
"2672","35EE468"
"2673","35EE470"
"2675","35EE473"
"2668","35EE474"
"2655","35EE475"
"2656","35EE476"
"2657","35EE480"
"2658","35EE481"
"2659","35EE483"
"2660","35EE486"
"2677","35EE488"
"2678","35EE489"
"2679","35EE490"
"2661","35EE491"
"2663","35EE492"
"2664","35EE493"
"2680","35EE496"
"2667","35EE498"
"2666","35EE499"
"2665","35EE507"
"2662","35EE510"
"2681","35EE516"
"2199","35EFH06"
"2200","35EFH09"
"2217","35EFH16"
"2357","35EFH24"
"2234","35EFH26"
"2235","35EFH48"
"2236","35EFH56"
"2278","35EFH57"
"2244","35EFH71"
"2280","35EFH73"
"2228","35EFH78"
"2306","35EFH81"
"2752","35EK131"
"2751","35EK135"
"2749","35EK151"
"2753","35EK182"
"2750","35EK184"
"2739","35EK191"
"2740","35EK192"
"2738","35EK216"
"2741","35EK223"
"2747","35EK236"
"2772","35EK245"
"2756","35EK279"
"2748","35EK281"
"2754","35EK411"
"2755","35EK436"
"2742","35EK438"
"2743","35EK439"
"2744","35EK440"
"2745","35EK445"
"2746","35EK450"
"1747","35ELK91"
"2102","35ELK92"
"2128","35ELK93"
"701","35ELK94"
"702","35ELK95"
"756","35ELK96"
"1247","35ELK97"
"757","35ELK98"
"758","35ELK99"
"698","35ELL02"
"893","35ELZ01"
"894","35ELZ02"
"2213","35ELZ03"
"896","35ELZ04"
"936","35ELZ05"
"1750","35ELZ06"
"937","35ELZ07"
"938","35ELZ08"
"939","35ELZ09"
"940","35ELZ10"
"941","35ELZ11"
"1232","35ELZ12"
"966","35ELZ13"
"967","35ELZ14"
"968","35ELZ15"
"969","35ELZ16"
"970","35ELZ17"
"971","35ELZ18"
"1751","35ELZ19"
"1028","35ELZ20"
"1029","35ELZ21"
"1030","35ELZ22"
"2760","35EL241"
"2761","35EL246"
"2762","35EL261"
"2763","35EL271"
"2770","35EL274"
"2771","35EL276"
"2773","35EL279"
"2764","35EL285"
"2765","35EL286"
"2766","35EL289"
"2757","35EL365"
"2758","35EL371"
"2767","35EL373"
"2768","35EL378"
"2769","35EL390"
"2759","35EL394"
"847","35EMN04"
"1741","35EMN32"
"1746","35EMN33"
"848","35EMN34"
"849","35EMN36"
"850","35EMN37"
"845","35EMN38"
"1025","35EMN39"
"1026","35EMN40"
"713","35EMN41"
"2114","35EMN42"
"714","35EMN43"
"1131","35EMN44"
"1132","35EMN45"
"1133","35EMN46"
"1134","35EMN47"
"1135","35EMN48"
"1171","35EMN49"
"2371","35EU298"
"3942","35FA681"
"2711","35FD212"
"2713","35FD502"
"2735","35FD513"
"2714","35FD717"
"2712","35FD792"
"2710","35FD810"
"709","35FE466"
"710","35FE479"
"711","35FE562"
"712","35FE580"
"754","35FE583"
"755","35FE592"
"799","35FE611"
"1246","35FE612"
"796","35FE616"
"797","35FE619"
"798","35FE668"
"800","35FE719"
"801","35FE796"
"839","35FE834"
"753","35FE836"
"841","35FE847"
"840","35FE854"
"844","35FE862"
"843","35FE865"
"842","35FE874"
"2702","35FT005"
"2703","35FT798"
"2704","35FT909"
"2736","35FT944"
"2715","35FT950"
"2708","35FU252"
"2709","35FU343"
"2413","35FU386"
"2455","35FU394"
"2456","35FU399"
"2379","35FU401"
"2381","35FU405"
"2380","35FU411"
"2382","35FU414"
"2418","35FU416"
"2391","35FU420"
"2395","35FU423"
"2706","35FU610"
"2705","35FU689"
"2396","35G8858"
"2281","35HFH24"
"1766","35HF714"
"1767","35HF717"
"1768","35HF737"
"2080","35HF743"
"2089","35HF745"
"1874","35HF757"
"1875","35HF770"
"1876","35HF773"
"1877","35HF775"
"1878","35HF779"
"1744","35HN258"
"1166","35HN283"
"1167","35HN292"
"1168","35HN298"
"1169","35HN312"
"1170","35HN316"
"1203","35HN324"
"1749","35HN349"
"1198","35HN351"
"1199","35HN356"
"1200","35HN358"
"1201","35HN378"
"1202","35HN386"
"703","35HN395"
"1745","35HN397"
"706","35HN404"
"704","35HN415"
"707","35HN418"
"705","35HN443"
"708","35HN445"
"764","35KC295"
"1743","35KC308"
"763","35KC309"
"762","35KC318"
"761","35KC325"
"760","35KC326"
"759","35KC329"
"802","35KC347"
"1742","35KC373"
"803","35KC379"
"804","35KC384"
"805","35KC390"
"806","35KC412"
"807","35KC416"
"846","35KC418"
"2352","35KH481"
"1769","35KN282"
"1770","35KN293"
"1771","35KN309"
"1772","35KN344"
"1773","35KN355"
"1774","35KN364"
"1775","35KN366"
"1879","35KN371"
"1880","35KN378"
"1881","35KN407"
"1882","35KN419"
"1883","35KN428"
"1884","35KN436"
"1885","35KN492"
"1935","35KN504"
"1936","35KN524"
"1937","35KN592"
"1938","35KN595"
"1939","35KN619"
"1940","35KN623"
"2373","35KU681"
"2444","35LA882"
"1886","35LE751"
"1776","35LE766"
"1777","35LE783"
"1778","35LE785"
"1779","35LE817"
"1780","35LE821"
"1781","35LE842"
"1887","35LE858"
"1888","35LE885"
"1889","35LE913"
"2359","35LH409"
"2468","35LL022"
"2446","35LL043"
"2435","35LL068"
"2388","35LL072"
"2436","35LL076"
"2412","35LL095"
"2394","35LL102"
"2454","35LL104"
"2416","35LL121"
"2514","35LL129"
"1890","35LN607"
"1891","35LN609"
"1892","35LN615"
"1941","35LN618"
"1942","35LN622"
"1943","35LN624"
"1944","35LN638"
"1945","35LN639"
"1946","35LN641"
"1947","35LN642"
"1948","35LV008"
"1949","35LV011"
"1950","35LV023"
"1951","35LV059"
"1952","35LV067"
"1953","35LV084"
"1955","35LV131"
"2082","35LV152"
"2012","35LV174"
"2013","35LV176"
"2014","35LV202"
"2015","35LV211"
"2016","35LV214"
"2017","35LV216"
"2141","35LV221"
"2143","35LV233"
"2076","35LV245"
"2077","35LV268"
"2078","35LV280"
"2290","35LV963"
"2361","35NA537"
"2493","35NL080"
"2360","35N6952"
"2630","35PE204"
"2625","35PE225"
"2629","35PE226"
"2627","35PE266"
"2624","35PE310"
"2631","35PE332"
"2626","35PE373"
"2628","35PE379"
"2632","35PE406"
"2634","35PE410"
"2633","35PE440"
"2641","35PE449"
"2636","35PE530"
"2637","35PE532"
"2639","35PE556"
"2640","35PE560"
"2642","35PE574"
"2643","35PE611"
"2635","35PE660"
"2638","35PE662"
"2443","35PF010"
"2839","35PV216"
"2838","35PV218"
"2841","35PV228"
"2840","35PV232"
"2832","35PV233"
"2834","35PV245"
"2833","35PV248"
"2828","35PV249"
"2837","35PV262"
"2831","35PV270"
"2830","35PV279"
"2829","35PV285"
"3325","35PV292"
"3326","35PV295"
"3327","35PV309"
"3328","35PV316"
"2843","35PV319"
"2844","35PV328"
"2842","35PV341"
"2845","35PV346"
"3317","35PY847"
"3318","35PY850"
"3319","35PY851"
"3320","35PY854"
"2835","35PY856"
"2836","35PY858"
"3321","35PY859"
"3322","35PY860"
"3323","35PY865"
"3324","35PY870"
"2719","35P2464"
"2728","35P2524"
"2727","35P2884"
"2726","35P2989"
"2737","35P3056"
"2725","35P3624"
"2724","35P3742"
"2723","35P4149"
"2722","35P4225"
"2720","35P4431"
"2721","35P5001"
"2716","35P5419"
"2825","35P5757"
"2826","35P5759"
"2813","35P5785"
"2814","35P5786"
"2815","35P5788"
"2718","35P5795"
"2804","35P5813"
"2805","35P5814"
"2806","35P5825"
"2819","35P5831"
"2817","35P5842"
"2821","35P5851"
"2824","35P5854"
"2808","35P5862"
"2810","35P5875"
"2811","35P5886"
"2823","35P5896"
"2818","35P5914"
"2816","35P5929"
"2820","35P5943"
"2822","35P5992"
"2807","35P6073"
"2809","35P6074"
"2729","35P6318"
"2717","35P6475"
"2506","35RA326"
"2508","35RA329"
"2507","35RA331"
"2370","35RA487"
"2500","35RC871"
"2499","35RC874"
"2494","35RC875"
"2495","35RC877"
"2496","35RC891"
"2497","35RC913"
"2498","35RC915"
"2502","35RC919"
"2504","35RC920"
"2503","35RC921"
"2505","35RC927"
"2501","35RC929"
"2730","35RT395"
"2731","35RT412"
"2732","35RT580"
"2733","35RT618"
"2734","35RT869"
"2471","35RV211"
"2472","35RV212"
"2473","35RV219"
"2474","35RV223"
"2475","35RV224"
"2476","35RV226"
"2477","35RV228"
"2478","35RV229"
"2479","35RV232"
"2480","35RV233"
"2481","35RY098"
"2482","35RY103"
"2483","35RY105"
"2484","35RY107"
"2485","35RY108"
"2486","35RY110"
"2487","35RY116"
"2488","35RY117"
"2489","35RY120"
"2490","35RY122"
"2491","35RY126"
"2492","35RY138"
"2336","35R0815"
"2313","35R0839"
"2314","35R0842"
"2374","35R0846"
"2375","35R0848"
"2376","35R0850"
"2291","35R0857"
"2414","35R0859"
"2292","35R0860"
"2293","35R0862"
"2315","35R0863"
"2316","35R0864"
"2378","35R0865"
"2294","35R0868"
"2301","35R0877"
"2317","35R0879"
"2328","35R2751"
"2329","35R2759"
"2319","35R2767"
"2320","35R2783"
"2330","35R2786"
"2321","35R2788"
"2322","35R2793"
"2295","35R2795"
"2331","35R2802"
"2387","35R2803"
"2323","35R2815"
"2332","35R2817"
"2296","35R2820"
"2299","35R2825"
"2297","35R2834"
"2298","35R2838"
"3330","35R4563"
"3331","35R4586"
"3332","35R4667"
"3333","35R4684"
"3334","35R4707"
"3335","35R4720"
"3336","35R4732"
"3337","35R4754"
"3338","35R4782"
"3339","35R4789"
"3340","35R4848"
"3341","35R4856"
"3329","35R4866"
"3352","35R4868"
"3353","35R4916"
"3354","35R4928"
"3374","35R4936"
"3383","35R4938"
"3384","35R4943"
"3373","35R4947"
"3342","35R4953"
"3349","35R5017"
"3343","35R5041"
"3344","35R5073"
"3346","35R5089"
"3347","35R5105"
"3350","35R5114"
"3348","35R5141"
"3345","35R5211"
"3351","35R5213"
"2354","35R6912"
"4302","35SE037"
"4303","35SE046"
"4304","35SE097"
"4305","35SE120"
"4306","35SE287"
"4307","35SE290"
"4308","35SE323"
"4309","35SE627"
"4310","35SE723"
"4311","35SE795"
"2324","35SF058"
"2364","35SF092"
"2365","35SF097"
"2307","35SF102"
"2309","35SF105"
"2366","35SF113"
"2308","35SF114"
"2311","35SF119"
"2367","35SF142"
"2325","35SF144"
"2326","35SF152"
"2286","35SF160"
"2327","35SF169"
"2312","35SF172"
"3799","35SS747"
"2202","35SY253"
"533","35S9782"
"534","35S9783"
"535","35S9784"
"542","35S9785"
"539","35S9786"
"540","35S9788"
"592","35S9789"
"591","35S9790"
"2158","35S9791"
"541","35S9792"
"590","35S9793"
"594","35S9794"
"2091","35S9795"
"589","35S9796"
"588","35S9798"
"2347","35TH378"
"2346","35TK458"
"2349","35TR411"
"2303","35TS146"
"2289","35TZ781"
"1659","35UC610"
"1660","35UC623"
"1661","35UC644"
"1662","35UC657"
"1663","35UC660"
"1664","35UC663"
"1665","35UC687"
"1666","35UC689"
"1667","35UC703"
"1668","35UC716"
"1669","35UE831"
"1670","35UE832"
"1671","35UE833"
"1672","35UE834"
"1675","35UE835"
"1673","35UE836"
"1674","35UE837"
"1722","35UE849"
"1723","35UE850"
"344","35UF798"
"29","35UF804"
"30","35UF806"
"31","35UF807"
"32","35UF809"
"33","35UF812"
"34","35UF813"
"35","35UF814"
"199","35UF817"
"57","35UF818"
"58","35UF823"
"59","35UF824"
"60","35UF827"
"61","35UF832"
"62","35UF834"
"63","35UF835"
"200","35UF836"
"78","35UF844"
"79","35UF846"
"80","35UF852"
"81","35UF853"
"82","35UF854"
"83","35UF855"
"84","35UF859"
"99","35UF860"
"101","35UF864"
"102","35UF866"
"103","35UF867"
"104","35UF869"
"105","35UF871"
"120","35UF873"
"121","35UF874"
"122","35UF875"
"123","35UF876"
"2090","35UH505"
"1676","35UH506"
"1677","35UH513"
"1681","35UH514"
"1724","35UH571"
"1725","35UH572"
"1678","35UH592"
"1682","35UH593"
"1679","35UH598"
"1680","35UH599"
"124","35UK543"
"125","35UK546"
"126","35UK547"
"141","35UK549"
"142","35UK551"
"143","35UK552"
"144","35UK556"
"145","35UK558"
"146","35UK559"
"147","35UK560"
"161","35UK562"
"162","35UK563"
"163","35UK564"
"2100","35UK565"
"165","35UK566"
"166","35UK567"
"167","35UK568"
"2218","35UK572"
"2783","35U0278"
"2784","35U0475"
"2785","35U0551"
"2393","35U0632"
"2430","35U0633"
"2431","35U0657"
"2432","35U0658"
"2415","35U0772"
"2409","35U0773"
"2410","35U0942"
"2407","35U0946"
"2411","35U0951"
"2390","35U0953"
"2786","35U1215"
"2787","35U1529"
"2788","35U1605"
"2790","35U1733"
"2789","35U2055"
"2796","35U2182"
"2386","35U3887"
"2559","35U3890"
"2417","35U3897"
"2392","35U3898"
"2385","35U3899"
"2463","35U3903"
"2464","35U3908"
"2465","35U3909"
"2466","35U3914"
"2467","35U3919"
"2362","35U5679"
"2794","35U5961"
"2793","35U6223"
"2791","35U6553"
"2795","35U6801"
"2792","35U7008"
"2798","35U7395"
"2812","35U7496"
"642","35U7611"
"643","35U7612"
"644","35U7613"
"639","35U7614"
"640","35U7615"
"645","35U7616"
"641","35U7617"
"597","35U7618"
"2801","35U7708"
"2803","35U7810"
"2800","35U7961"
"2802","35U8128"
"537","35U9586"
"1788","35U9587"
"595","35U9588"
"598","35U9589"
"536","35U9590"
"600","35U9591"
"814","35U9592"
"538","35U9593"
"596","35U9594"
"599","35U9595"
"2096","35VF617"
"1641","35VF618"
"1642","35VF651"
"1643","35VF656"
"1644","35VF658"
"1645","35VF663"
"1646","35VF668"
"1655","35VF672"
"1656","35VF694"
"1657","35VF712"
"1658","35VF717"
"2781","35VP186"
"2782","35VP451"
"2774","35VP619"
"2775","35VP736"
"2797","35VR225"
"2542","35VV074"
"2384","35VZ016"
"2458","35VZ223"
"2459","35VZ314"
"2460","35VZ395"
"2461","35VZ551"
"2165","35VZ701"
"2166","35VZ702"
"2167","35VZ704"
"2168","35VZ705"
"2169","35VZ707"
"2170","35VZ708"
"2171","35VZ712"
"2172","35VZ716"
"2173","35VZ720"
"2162","35VZ721"
"2237","35VZ774"
"2238","35VZ803"
"2509","35VZ860"
"2510","35VZ885"
"2511","35VZ953"
"601","35V1060"
"650","35V1069"
"1787","35V1074"
"651","35V1077"
"649","35V1082"
"646","35V1085"
"648","35V1087"
"652","35V1091"
"647","35V1098"
"694","35V1100"
"2776","35V1242"
"2918","35V1293"
"2919","35V1294"
"2920","35V1295"
"2921","35V1296"
"2922","35V1297"
"2777","35V1610"
"2588","35V2117"
"2589","35V2120"
"2590","35V2124"
"2591","35V2133"
"2592","35V2139"
"2593","35V2141"
"2594","35V2148"
"2595","35V2158"
"2596","35V2177"
"2581","35V2180"
"2582","35V2188"
"2583","35V2190"
"2584","35V2200"
"2585","35V2207"
"2586","35V2208"
"2587","35V2209"
"2579","35V2211"
"2580","35V2216"
"2597","35V2217"
"2598","35V2236"
"2923","35V2786"
"2924","35V2787"
"693","35V2940"
"692","35V2941"
"695","35V2942"
"1284","35V2943"
"696","35V2944"
"690","35V2945"
"691","35V2946"
"750","35V2947"
"3355","35V3372"
"3361","35V3377"
"3357","35V3379"
"3362","35V3380"
"3359","35V3396"
"3356","35V3399"
"3358","35V3400"
"3364","35V3404"
"3363","35V3406"
"3360","35V3409"
"3392","35V3413"
"3393","35V3418"
"3394","35V3419"
"3395","35V3420"
"3396","35V3421"
"3397","35V3422"
"3398","35V3423"
"3399","35V3425"
"3400","35V3427"
"3365","35V3430"
"3366","35V3433"
"3367","35V3436"
"3368","35V3437"
"2778","35V3449"
"3369","35V3452"
"3370","35V3454"
"3371","35V3712"
"3372","35V3718"
"3385","35V3720"
"3386","35V3726"
"3387","35V3727"
"3388","35V3731"
"3389","35V3736"
"3390","35V3739"
"3391","35V3740"
"2925","35V3750"
"2926","35V3751"
"3378","35V3755"
"3376","35V3759"
"3381","35V3760"
"3379","35V3763"
"3380","35V3770"
"3382","35V3772"
"2779","35V3949"
"749","35V3978"
"1288","35V3979"
"752","35V3980"
"653","35V3981"
"1290","35V3982"
"654","35V3983"
"657","35V3984"
"656","35V3985"
"658","35V3986"
"2088","35V3987"
"659","35V3988"
"655","35V3989"
"697","35V3990"
"2927","35V4084"
"2780","35V4357"
"2917","35V4984"
"2928","35V5726"
"2929","35V5727"
"2930","35V5728"
"2931","35V5729"
"2932","35V5730"
"2933","35V6467"
"2934","35V6468"
"2935","35V7532"
"2936","35V7534"
"2937","35V7535"
"2938","35V8497"
"2939","35V8498"
"2940","35V8499"
"3278","35V9582"
"3279","35V9586"
"182","35YA325"
"183","35YD216"
"184","35YD217"
"185","35YD218"
"172","35YD219"
"188","35YD928"
"186","35YD930"
"198","35YD932"
"40","35YD933"
"36","35YE803"
"37","35YE804"
"38","35YE805"
"39","35YE806"
"42","35YE807"
"43","35YH902"
"44","35YH903"
"45","35YH904"
"46","35YH905"
"170","35YH906"
"48","35YN160"
"49","35YN161"
"65","35YN163"
"64","35YN164"
"66","35YR371"
"67","35YR372"
"68","35YR373"
"69","35YR374"
"173","35YR375"
"70","35YR685"
"2546","35YS228"
"2547","35YS230"
"2548","35YS241"
"2549","35YS253"
"2550","35YS255"
"2564","35YS258"
"2563","35YS261"
"2555","35YS263"
"2556","35YS264"
"2566","35YS274"
"2565","35YS276"
"2557","35YS291"
"2558","35YS292"
"2551","35YS293"
"2552","35YS294"
"2553","35YS295"
"2554","35YS304"
"2130","35YU712"
"87","35YU713"
"88","35YU714"
"89","35YU715"
"2462","35YU716"
"90","35YY384"
"85","35YY385"
"91","35YY386"
"109","35YY387"
"2221","35YZ070"
"2222","35YZ077"
"2512","35YZ079"
"2513","35YZ080"
"2224","35YZ082"
"2225","35YZ084"
"2226","35YZ085"
"2227","35YZ089"
"2230","35YZ091"
"2231","35YZ092"
"2232","35YZ093"
"2233","35YZ094"
"2241","35YZ095"
"2242","35YZ096"
"2243","35YZ102"
"2523","35Y0486"
"2524","35Y0489"
"2525","35Y0511"
"2517","35Y0513"
"2535","35Y0514"
"2518","35Y0522"
"2526","35Y0545"
"2536","35Y0558"
"2527","35Y0559"
"2537","35Y0566"
"2528","35Y0576"
"2529","35Y0590"
"2538","35Y0600"
"2519","35Y0607"
"2520","35Y0625"
"2530","35Y0639"
"2539","35Y0640"
"2543","35Y0664"
"2647","35Y0832"
"2645","35Y1072"
"2646","35Y1202"
"2648","35Y1667"
"2649","35Y2205"
"2650","35Y2346"
"1726","35Y2374"
"1727","35Y2375"
"1728","35Y2378"
"2093","35Y2379"
"2094","35Y2398"
"2095","35Y2399"
"2083","35Y2401"
"2079","35Y2402"
"2111","35Y2415"
"1283","35Y2416"
"2651","35Y2528"
"2652","35Y2591"
"2653","35Y2733"
"2654","35Y2795"
"2533","35Y8020"
"2534","35Y8286"
"2531","35Y8301"
"2532","35Y8305"
"2521","35Y8313"
"2522","35Y8338"
"2544","35Y8342"
"2540","35Y8366"
"2541","35Y9974"
"580","35ZA871"
"479","91-143"
"480","91-144"
"481","91-145"
"482","91-146"
"483","91-147"
"484","91-148"
"478","91-149"
"519","91-150"
"520","91-151"
"515","91-152"
"521","91-153"
"516","91-154"
"517","91-155"
"518","91-156"
"574","91-157"
"579","91-159"
"575","92-158"
"2270","92-159"
"578","92-160"
"576","92-162"
"577","92-163"
"625","92-164"
"627","92-165"
"631","92-167"
"628","92-168"
"626","92-169"
"629","92-170"
"630","92-171"
"522","92-172"
"523","92-173"
"528","92-174"
"524","92-175"
"525","92-176"
"527","92-177"
"526","92-178"
"586","92-179"
"581","92-180"
"587","92-181"
"582","92-182"
"583","92-183"
"584","92-184"
"585","92-185"
"632","92-186"
"633","92-187"
"634","92-188"
"635","92-189"
"636","92-190"
"638","92-191"
"637","92-192"
"683","92-193"
"684","92-194"
"685","92-195"
"686","92-196"
"687","92-197"
"689","92-198"
"688","92-199"
"745","92-200"
"2103","92-201"
"740","92-202"
"741","92-203"
"742","92-204"
"2127","92-205"
"744","92-206"
"789","92-207"
"790","92-208"
"791","92-209"
"795","92-210"
"792","92-211"
"793","92-212"
"794","92-213"
"2104","92-214"
"2192","92-215"
"2157","92-216"
"2092","92-217"
"2106","92-218"
"2107","92-219"
"2108","92-220"
"2109","92-221"
"884","92-222"
"2223","92-223"
"886","92-224"
"887","92-225"
"888","92-226"
"889","92-227"
"929","92-228"
"930","92-229"
"931","92-230"
"932","92-231"
"933","92-232"
"934","92-233"
"935","92-234"
"168","93-235"
"201","93-236"
"171","93-237"
"169","93-238"
"302","93-239"
"303","93-240"
"304","93-241"
"305","93-242"
"306","93-243"
"307","93-244"
"308","93-245"
"309","93-246"
"322","93-247"
"321","93-248"
"2212","93-249"
"318","93-250"
"320","93-251"
"323","93-252"
"319","93-253"
"317","93-254"
"331","93-255"
"338","93-256"
"332","93-257"
"333","93-258"
"334","93-259"
"335","93-260"
"336","93-261"
"337","93-262"
"346","93-263"
"347","93-264"
"348","93-265"
"349","93-266"
"350","93-267"
"353","93-268"
"351","93-269"
"352","93-270"
"359","93-271"
"361","93-272"
"354","93-273"
"355","93-274"
"356","93-275"
"360","93-276"
"358","93-277"
"357","93-278"
"368","93-279"
"362","93-280"
"363","93-281"
"366","93-282"
"1181","93-283"
"364","93-284"
"367","93-285"
"365","93-286"
"369","93-287"
"370","93-288"
"371","93-289"
"372","93-290"
"373","93-291"
"376","93-292"
"374","93-293"
"375","93-294"
"377","93-295"
"378","93-296"
"383","93-297"
"384","93-298"
"379","93-299"
"380","93-300"
"381","93-301"
"382","93-302"
"203","93-303"
"204","93-304"
"205","93-305"
"206","93-306"
"207","93-307"
"208","93-308"
"209","93-309"
"210","93-310"
"248","93-311"
"249","93-312"
"250","93-313"
"255","93-314"
"251","93-315"
"252","93-316"
"253","93-317"
"254","93-318"
"385","93-320"
"386","93-321"
"387","93-322"
"388","93-323"
"2174","93-324"
"392","93-325"
"390","93-326"
"391","93-327"
"440","93-328"
"2099","93-329"
"441","93-330"
"444","93-331"
"1182","93-332"
"445","93-333"
"442","93-334"
"443","93-335"
"485","93-336"
"486","93-337"
"491","93-338"
"487","93-339"
"488","93-340"
"489","93-341"
"490","93-342"
"492","93-343"
"543","93-344"
"544","93-345"
"545","93-346"
"546","93-347"
"547","93-348"
"548","93-349"
"549","93-350"
"550","93-351"
"602","93-352"
"603","93-353"
"604","93-354"
"605","93-355"
"606","93-356"
"607","93-357"
"608","93-358"
"609","93-359"
"660","93-360"
"661","93-361"
"662","93-362"
"667","93-363"
"663","93-364"
"664","93-365"
"665","93-366"
"666","93-367"
"722","93-368"
"715","93-369"
"716","93-370"
"717","93-371"
"718","93-372"
"719","93-373"
"720","93-374"
"721","93-375"
"773","93-376"
"774","93-377"
"775","93-378"
"776","93-379"
"777","93-380"
"778","93-381"
"779","93-382"
"780","93-383"
"816","93-384"
"817","93-385"
"823","93-386"
"818","93-387"
"819","93-388"
"820","93-389"
"821","93-390"
"822","93-391"
"872","93-392"
"873","93-393"
"867","93-394"
"868","93-395"
"869","93-396"
"870","93-397"
"874","93-398"
"871","93-399"
"913","93-400"
"914","93-401"
"915","93-402"
"916","93-403"
"917","93-404"
"918","93-405"
"919","93-406"
"920","93-407"
"958","93-408"
"959","93-409"
"960","93-410"
"961","93-411"
"962","93-412"
"2084","93-413"
"1009","93-414"
"2125","93-415"
"2126","93-416"
"1010","93-417"
"1011","93-418"
"1012","93-419"
"1013","93-420"
"1014","93-421"
"1015","93-422"
"1016","93-423"
"1074","93-424"
"1068","93-425"
"1069","93-426"
"1070","93-427"
"1071","93-428"
"1072","93-429"
"1073","93-430"
"1075","93-431"
"1121","93-432"
"1122","93-433"
"1123","93-434"
"1124","93-435"
"1125","93-436"
"1126","93-437"
"1127","93-438"
"1128","93-439"
"2086","93-440"
"1159","93-441"
"1160","93-442"
"1161","93-443"
"1162","93-444"
"1163","93-445"
"1164","93-446"
"1165","93-447"
"1190","93-448"
"1191","93-449"
"1192","93-450"
"1193","93-451"
"1194","93-452"
"1195","93-453"
"1196","93-454"
"1197","93-455"
"211","93-456"
"212","93-457"
"213","93-458"
"214","93-459"
"215","93-460"
"218","93-461"
"216","93-462"
"217","93-463"
"256","93-464"
"257","93-465"
"258","93-466"
"259","93-467"
"260","93-468"
"261","93-469"
"262","93-470"
"263","93-471"
"393","93-472"
"400","93-473"
"399","93-474"
"398","93-475"
"394","93-476"
"395","93-477"
"396","93-478"
"397","93-479"
"447","93-480"
"448","93-481"
"449","93-482"
"450","93-483"
"451","93-484"
"446","93-485"
"453","93-486"
"454","93-487"
"219","93-488"
"220","93-489"
"221","93-490"
"222","93-491"
"223","93-492"
"224","93-493"
"225","93-494"
"226","93-495"
"264","93-496"
"265","93-497"
"266","93-498"
"267","93-499"
"268","93-500"
"269","93-501"
"270","93-502"
"271","93-503"
"401","93-504"
"402","93-505"
"403","93-506"
"404","93-507"
"405","93-508"
"406","93-509"
"407","93-510"
"408","93-511"
"455","93-512"
"456","93-513"
"457","93-514"
"458","93-515"
"459","93-516"
"460","93-517"
"461","93-518"
"462","93-519"
"493","93-520"
"494","93-521"
"495","93-522"
"496","93-523"
"1184","93-524"
"497","93-525"
"498","93-526"
"2087","93-527"
"551","93-528"
"552","93-529"
"553","93-530"
"554","93-531"
"555","93-532"
"556","93-533"
"557","93-534"
"3086","94-1"
"3087","94-2"
"3206","94-3"
"3207","94-4"
"2124","94-535"
"615","94-536"
"610","94-537"
"616","94-538"
"1188","94-539"
"611","94-540"
"612","94-541"
"613","94-542"
"614","94-543"
"668","94-544"
"669","94-545"
"670","94-546"
"1187","94-547"
"671","94-548"
"672","94-549"
"499","94-550"
"674","94-551"
"673","94-552"
"724","94-553"
"730","94-554"
"723","94-555"
"726","94-556"
"727","94-557"
"728","94-558"
"729","94-559"
"781","94-560"
"2118","94-561"
"783","94-562"
"784","94-563"
"725","94-564"
"785","94-565"
"787","94-566"
"788","94-567"
"824","94-568"
"830","94-569"
"786","94-570"
"2115","94-571"
"826","94-572"
"827","94-573"
"825","94-574"
"828","94-575"
"875","94-576"
"881","94-577"
"829","94-578"
"876","94-579"
"878","94-580"
"877","94-581"
"879","94-582"
"882","94-583"
"921","94-584"
"922","94-585"
"923","94-586"
"924","94-587"
"880","94-588"
"928","94-589"
"926","94-590"
"927","94-591"
"1017","94-592"
"1018","94-593"
"1019","94-594"
"1020","94-595"
"1021","94-596"
"1022","94-597"
"925","94-598"
"1024","94-599"
"231","94-600"
"227","94-601"
"228","94-602"
"1120","94-603"
"232","94-604"
"229","94-605"
"230","94-606"
"233","94-607"
"278","94-608"
"272","94-609"
"281","94-610"
"1023","94-611"
"283","94-612"
"287","94-613"
"284","94-614"
"285","94-615"
"282","94-616"
"286","94-617"
"417","94-618"
"418","94-619"
"419","94-620"
"421","94-621"
"422","94-622"
"420","94-623"
"423","94-624"
"463","94-625"
"424","94-626"
"464","94-627"
"466","94-628"
"467","94-629"
"470","94-630"
"465","94-631"
"2151","94-632"
"500","94-633"
"469","94-634"
"2116","94-635"
"503","94-636"
"504","94-637"
"505","94-638"
"507","94-639"
"501","94-640"
"274","94-641"
"279","94-642"
"275","94-643"
"276","94-644"
"277","94-645"
"409","94-646"
"416","94-647"
"410","94-648"
"411","94-649"
"412","94-650"
"413","94-651"
"414","94-652"
"415","94-653"
"280","94-654"
"506","94-655"
"559","94-656"
"560","94-657"
"561","94-658"
"562","94-659"
"566","94-660"
"563","94-661"
"564","94-662"
"565","94-663"
"617","94-664"
"618","94-665"
"619","94-666"
"620","94-667"
"621","94-668"
"622","94-669"
"623","94-670"
"624","94-671"
"675","94-672"
"676","94-673"
"677","94-674"
"678","94-675"
"679","94-676"
"680","94-677"
"682","94-678"
"681","94-679"
"731","94-680"
"732","94-681"
"733","94-682"
"734","94-683"
"735","94-684"
